{
  "schema_version": "3.0",
  "model_type": "constrained_ridge_arx_delta",
  "trained_at": "2026-02-11T19:50:53Z",
  "source_file": "training.xlsx",
  "target_alkali": 1.6,
  "selected_lag_hours": 3,
  "training_samples": 3219,
  "features": [
    "d_pv_feldspar_tph_lag3",
    "d_pv_pyro_tph_lag3",
    "d_pv_white_sand_tph_lag3",
    "d_pv_total_feed_tph_lag3",
    "Fineness",
    "Alkali_lag1",
    "Alkali_lag2"
  ],
  "coefficients": {
    "intercept": 0.33088373112954383,
    "weights": {
      "d_pv_feldspar_tph_lag3": 0.04817817881003867,
      "d_pv_pyro_tph_lag3": -0.015671707828291852,
      "d_pv_white_sand_tph_lag3": 0.029712634994700247,
      "d_pv_total_feed_tph_lag3": 0.003431689029198423,
      "Fineness": 0.0033238023779142483,
      "Alkali_lag1": 0.6339659793077845,
      "Alkali_lag2": 0.13974081276061234
    }
  },
  "limits": {
    "max_step_per_feeder_tph": 0.05
  }
}